language,word_count,subword_count,subword_word_ratio
Chinese,44.106,29.827,0.6865634786667405
English,26.12,35.021,1.354867956710288
Korean,16.553,40.094,2.459797803539657
